c1,c2,c3,xs,Vs,Vxxs,LDPs,xu,Vu,Vxxu,LDPu,Î”V,C,LDP,Nx
0.0008945200297602188,0.757267241213903,0.1846789345137446,-0.0005907514103573208,-2.6420044744849667e-7,1.5138798863816423,0.9999997357995875,-2.73304440197181,1.883847380028064,-1.513879886381643,6.5787672517564495,1.8838476442285115,1.5138798863816425,0.15200412136979005,0.0
0.0014252831124169129,0.7622870259720114,0.1948312859997515,-0.0009352083078208798,-6.663886230492242e-7,1.5234808049202804,0.999999333611599,-2.6074310406767274,1.725041860382348,-1.52348080492028,5.612755976886851,1.725042526770971,1.5234808049202802,0.1781654748094455,0.0
0.0013039607458922528,0.7645316054127852,0.20355502953365465,-0.0008530747060707577,-5.561247801534175e-7,1.5280213249436385,0.9999994438753745,-2.5030778677499,1.5945225272458745,-1.5280213249436387,4.925976490955223,1.5945230833706547,1.5280213249436385,0.2030053220334105,0.0
-0.00018508904185629956,0.7539989188020522,0.37166286342446786,0.00012272713086211432,-1.1358067041731778e-8,1.5082715163053608,0.9999999886419331,-1.352600995302496,0.4599879774469767,-1.5082715163053608,1.5840549404954865,0.45998798880504377,1.5082715163053608,0.6312912280234023,0.0
-0.0005620501974717425,0.7706098731348346,0.28156904939996125,0.00036460595938427715,-1.0247024953433298e-7,1.5418357167900056,0.9999998975297557,-1.8249256382107286,0.8561515844202501,-1.5418357167900056,2.3540837464100717,0.8561516868904996,1.5418357167900056,0.4247936799422428,0.0
-0.0003544907089191117,0.760115799720257,0.30225320674317,0.0002331496192649545,-4.132660224509504e-8,1.5206544207609567,0.9999999586733986,-1.6767872942069206,0.7127807580490497,-1.5206544207609562,2.039655167541318,0.712780799375652,1.5206544207609565,0.4902789327270642,0.0
0.0012932472897467643,0.7642098440860081,0.20224753104161897,-0.0008464180253594812,-5.472525878258394e-7,1.5273925724368678,0.999999452747562,-2.5182114254339583,1.613212797695176,-1.527392572436868,5.018910095570552,1.613213344947764,1.5273925724368678,0.19924633709420558,0.0
0.0010029159248271656,0.7639016974319692,0.24275116163633345,-0.000656648585741621,-3.2924729571888755e-7,1.5268469816220847,0.9999996707527585,-2.09724391285798,1.1185876583781336,-1.5268469816220853,3.0605286374441025,1.1185879876254292,1.526846981622085,0.3267408311486589,0.0
0.012656924263723758,0.7004224288605828,-0.073523412753326,-0.00902239030877723,-5.7124855204681774e-5,1.4048249992813286,0.9999428767763888,6.360037236065264,9.497711949546115,-1.4048249992813286,13329.194044222651,9.49776907440132,1.4048249992813286,7.501900515956545e-5,0.0
0.0012791441866585192,0.781858418525525,0.23371787979423966,-0.0008183154884754861,-5.233077139592375e-7,1.5625693072852342,0.999999476692423,-2.2293873758457567,1.2934214441495624,-1.5625693072852342,3.6452372195400744,1.2934219674572764,1.5625693072852342,0.27433042528260876,0.0
-0.0009180330029660718,0.7634252335152535,0.24179634016482363,0.0006010876213093475,-2.759353932912078e-7,1.5277225117522129,0.9999997240646448,-2.1054723000222215,1.1293800778587184,-1.527722511752213,3.0937380288313374,1.1293803537941116,1.5277225117522129,0.3232334847829361,0.0
0.0009185061694180829,0.7701676350320543,0.2488380729680553,-0.0005964751856812559,-2.7390666532596503e-7,1.5394447156494395,0.9999997260933722,-2.06277382782773,1.091100522657785,-1.5394447156494397,2.9775491303774997,1.0911007965644504,1.5394447156494395,0.3358465913765091,0.0
0.0005047295574535076,0.6968843495600099,0.1689774425127476,-0.00036218065058492695,-9.139762577075416e-8,1.393401496959639,0.9999999086023784,-2.7490554899257194,1.7545977591758963,-1.3934014969596387,5.7811218709823775,1.754597850573522,1.3934014969596389,0.17297679082355166,0.0
0.0011436449603573029,0.7652905952481013,0.199456850099796,-0.0007474149262030749,-4.273470174433747e-7,1.5296867283348143,0.9999995726530738,-2.557167893122285,1.66615619632449,-1.5296867283348141,5.291788060023983,1.6661566236715075,1.5296867283348141,0.18897196208733685,0.0
0.0005625691716557166,0.691545785827582,0.1675841461686827,-0.0004068077522617843,-1.1442310891825243e-7,1.3826825244762584,0.9999998855768977,-2.750632204142109,1.743041676521579,-1.3826825244762584,5.71469928046762,1.743041790944688,1.3826825244762584,0.17498731542967033,0.0
0.0014820293283935324,0.7674484221790271,0.23936168542716135,-0.0009659928674211442,-7.157069989122345e-7,1.533509514272915,0.9999992842932572,-2.136520132113832,1.165617688930682,-1.5335095142729152,3.207903757999625,1.165618404637681,1.5335095142729152,0.3117298272429575,0.0
0.0007022502007994014,0.7586508443448834,0.21767956904698682,-0.0004629205577600241,-1.625322302217064e-7,1.5166970786046696,0.999999837467783,-2.322985402027278,1.3635384883631039,-1.5166970786046692,3.910004357172821,1.363538650895334,1.5166970786046694,0.25575414913113953,0.0
0.0016016702469448274,0.7744562607902187,0.18910035458624946,-0.0010344530692370424,-8.283216880562425e-7,1.547738828927264,0.999999171678655,-2.7292839272945466,1.9200582338883736,-1.5477388289272638,6.821355691790645,1.9200590622100617,1.547738828927264,0.14659830345485905,0.0
0.0023271934292298188,0.7044234531972403,0.17076688362147668,-0.0016528360575731322,-1.922849072114716e-6,1.4071534084183468,0.9999980771527766,-2.7483864309573405,1.7693868826116215,-1.4071534084183466,5.867254942341484,1.7693888054606937,1.4071534084183466,0.17043712723921636,0.0
0.00011992362802244309,0.754781734553926,0.32383878877462613,-7.944664962073653e-5,-4.76368403405467e-9,1.5094091016671398,0.999999995236316,-1.5537425181000732,0.6072526198441532,-1.5094091016671398,1.835381973599828,0.6072526246078372,1.5094091016671398,0.544845710386359,0.0
-0.0015975943617411066,0.7615197927096597,0.373526617993482,0.0010481430054628063,-8.374687347139925e-7,1.5253886412913438,0.9999991625316159,-1.3602012457578314,0.47108999542230734,-1.525388641291344,1.601739130377682,0.47109083289104203,1.5253886412913438,0.6243208669665335,0.0
0.0005170570231307532,0.6786426185690884,0.23598945673969213,-0.0003810251463310046,-9.849933680103731e-8,1.3567457296344558,0.9999999015006681,-1.916774167419932,0.8304555226911898,-1.356745729634456,2.294363636957513,0.8304556211905266,1.3567457296344558,0.4358506582795821,0.0
0.0015459879924831286,0.7600013706697424,0.1853292463490915,-0.0010174742050244698,-7.864038440902226e-7,1.5188713349739038,0.9999992135964652,-2.7328606935835675,1.8892137502852755,-1.5188713349739036,6.614166249779006,1.8892145366891195,1.5188713349739038,0.15119051681379755,0.0
-0.00020283542075871883,0.7775282937315993,0.2857897644741396,0.00013042665944602505,-1.3227890214706372e-8,1.555280235088904,0.9999999867721099,-1.8138839624966978,0.8529800055077643,-1.5552802350889037,2.3466294112962998,0.8529800187356545,1.5552802350889037,0.42614312339147775,0.0
0.0003505306862742331,0.7649641223482394,0.29226942535708444,-0.00022914586143871638,-4.015956974781536e-8,1.529526410721005,0.9999999598404311,-1.7446542983866968,0.7757296433903402,-1.5295264107210047,2.1721764633120695,0.77572968354991,1.529526410721005,0.46036773564688255,0.0
-0.00029141093202559096,0.7712283518939815,0.27202356848075465,0.0001889076101399061,-2.752578827498022e-8,1.5427650277213036,0.9999999724742121,-1.8902907008757601,0.9189513424890625,-1.5427650277213032,2.5066603829510714,0.9189513700148508,1.5427650277213034,0.3989371592879766,0.0
-0.000708505876001854,0.7606473563896976,0.3562539996038867,0.0004655733085760835,-1.6494868845583066e-7,1.5222898868991295,0.9999998350513252,-1.4238832420420258,0.5147290626264194,-1.5222898868991295,1.6731851120004229,0.5147292275751079,1.5222898868991295,0.5976624032087804,0.0
0.0014586530533455162,0.6965189038645676,0.16879208738842122,-0.0010475011309582876,-7.638733584328199e-7,1.3919769483145181,0.9999992361269333,-2.7499460027361247,1.753064974202343,-1.3919769483145181,5.772267441949713,1.7530657380757013,1.3919769483145181,0.17324201385048113,0.0
0.0013408708623749478,0.7607159058081393,0.1855366590231655,-0.0008816060408803264,-5.909963603710134e-7,1.5204503901798812,0.9999994090038142,-2.7325077946063843,1.8908775418267876,-1.520450390179881,6.625180003393904,1.8908781328231479,1.520450390179881,0.15093920595237278,0.0
0.00028872642216196473,0.755981983239672,0.1844002197315241,-0.00019097452352908866,-2.756905326991421e-8,1.5117526720147327,0.9999999724309471,-2.7329293523406415,1.8815926158242577,-1.5117526720147325,6.563950393390305,1.881592643393311,1.5117526720147327,0.15234727755376032,0.0
0.0010715877554568405,0.7579384874698614,0.18483682549755917,-0.0007070923413255285,-3.7882307462938977e-7,1.5150927947174972,0.9999996211769971,-2.733013980933546,1.885154066714355,-1.5150927947174972,6.587369258176214,1.8851544455374296,1.5150927947174972,0.15180561191947783,0.0
-0.00022493128804635884,0.7715852821069609,0.23019277971639748,0.0001457496814205615,-1.6392188143514165e-8,1.5433718673597756,0.999999983607812,-2.234751842474805,1.2847971925556183,-1.5433718673597756,3.613934949978931,1.2847972089478064,1.5433718673597756,0.2767066915838211,0.0
0.00118108560013448,0.766526692196866,0.1877043460242042,-0.0007706320146354256,-4.550482355382772e-7,1.5321854785237372,0.999999544951868,-2.7216905449472217,1.8905645277975363,-1.5321854785237374,6.623106553632888,1.8905649828457718,1.5321854785237374,0.15098647996284326,0.0
0.0003516636812175167,0.7604992948553628,0.18557367177602202,-0.00023122535995668094,-4.0655633559132784e-8,1.5207411336763963,0.9999999593443673,-2.7318348325639166,1.8912084013269785,-1.5207411336763963,6.6273723698011295,1.891208441982612,1.5207411336763963,0.15088935758326413,0.0
-0.0012775551182001802,0.7705876623639444,0.24590567152301093,0.0008286199325272758,-5.293737706529707e-7,1.5423978987735616,0.9999994706263695,-2.089943137141038,1.1237202823631138,-1.5423978987735618,3.0762775622159784,1.1237208117368844,1.5423978987735616,0.32506802471556756,0.0
0.0018008986575724349,0.6962867339763076,0.1686988387838089,-0.001293824631579232,-1.16484083377891e-6,1.3912638676749913,0.9999988351598447,-2.7503028036005555,1.7523073553332993,-1.3912638676749916,5.767895919401608,1.752308520174133,1.3912638676749913,0.17337324548387303,0.0
0.0012392965489107575,0.7645919413981827,0.2916653359001602,-0.0008108062026391356,-5.023369312794167e-7,1.5277649784157092,0.9999994976631948,-1.746835890855,0.7762577988964774,-1.5277649784157095,2.1733240132872127,0.7762583012334087,1.5277649784157092,0.4601244414313851,0.0
0.0005164264189556783,0.7698145879223522,0.2503059982896029,-0.0003354774897973466,-8.66199940260647e-8,1.53912534367678,0.9999999133800097,-2.0499938345860036,1.0776696680993636,-1.53912534367678,2.9378254596262208,1.0776697547193577,1.53912534367678,0.3403877892416521,0.0
-0.0004077857643264936,0.7576843867512547,0.26678156554175847,0.0002690617829187859,-5.4862380654867794e-8,1.5157994578445566,0.9999999451376208,-1.8936642200093639,0.9061911626171413,-1.5157994578445566,2.4748781503258686,0.9061912174795219,1.5157994578445566,0.40406027464663274,0.0
0.0005519084373094128,0.745643294142986,0.18167785886460452,-0.00037013885376265714,-1.0213677173728059e-7,1.4908831120793669,0.9999998978632335,-2.7357669586178557,1.859229477667756,-1.4908831120793669,6.418789045201858,1.8592295798045277,1.4908831120793669,0.1557926099177147,0.0
0.0006797509320761821,0.6976530848315221,0.1691609168513366,-0.0004872560823181101,-1.655966034855947e-7,1.3948116215492863,0.9999998344034102,-2.7489779585280574,1.7561144250014613,-1.3948116215492865,5.789896553405989,1.7561145905980649,1.3948116215492863,0.172714628867617,0.0
0.0013056441264451084,0.7738340617015741,0.18896617879512254,-0.0008438810718744628,-5.50847402137359e-7,1.5467113335140903,0.9999994491527496,-2.7292180684108645,1.9189592702614982,-1.54671133351409,6.81386338763831,1.9189598211089003,1.5467113335140903,0.14675953893747642,0.0
0.0009311504002769543,0.761332471790678,0.352752267118633,-0.0006117869147619,-2.847924283962948e-7,1.5213700882543013,0.9999997152076121,-1.4382307904543896,0.5240479143243553,-1.5213700882543013,1.6888501526538802,0.5240481991167837,1.5213700882543013,0.5921186753224968,0.0
-0.0003800633756999164,0.7672165582280404,0.30989137725893345,0.0002476526040953908,-4.706419582412003e-8,1.53489358889547,0.9999999529358052,-1.6507540655592028,0.6973038175252424,-1.5348935888954696,2.008330575525299,0.6973038645894383,1.5348935888954698,0.4979259715120581,0.0
0.001672582459760547,0.7722686533447545,0.1885209490029087,-0.0010833316886160263,-9.058609468849238e-7,1.543311922381372,0.9999990941394634,-2.7298904493130878,1.9153490640102233,-1.5433119223813718,6.789308286600645,1.9153499698711702,1.543311922381372,0.14729027640607484,0.0
0.0003806910384704452,0.7789789239035151,0.35308008334459634,-0.00024439320059054166,-4.651657368673691e-8,1.55744010557723,0.9999999534834274,-1.4705813687144542,0.561169198380413,-1.55744010557723,1.7527205808209825,0.5611692448969867,1.55744010557723,0.5705415708732209,0.0
0.0001834203991521198,0.7717928304360668,0.241491769164907,-0.00011883411106578279,-1.0898097416028877e-8,1.5434134761138232,0.9999999891019027,-2.130506799231698,1.1674772691064481,-1.5434134761138232,3.213874662200674,1.1674772800045454,1.5434134761138232,0.3111508985907873,0.0
0.004227909603762881,0.6815042267342328,0.004364574237853746,-0.003101987801398987,-6.557396870484342e-6,1.362927220332201,0.9999934426246292,-104.0932259462544,2461.1634973859755,-1.3629272203322005,Inf,2461.1635039433722,1.3629272203322007,0.0,0.0
-0.0006770860438407351,0.7600801148775594,0.2864734242466478,0.00044529229238366976,-1.5076324537008047e-7,1.5209256162018576,0.999999849236766,-1.7692658309429912,0.7938919584480066,-1.520925616201857,2.2119886630599273,0.793892109211252,1.5209256162018574,0.4520818148558811,0.0
-0.0035703314570389453,0.6692892277457984,0.12889287619514755,0.0026652040776246754,-4.7590510645558e-6,1.3406396104068692,0.9999952409602597,-3.464398945061494,2.685862535884441,-1.3406396104068687,14.670850059140069,2.6858672949355054,1.340639610406869,0.0681620517508632,0.0
-0.00012840554337311753,0.7707047171388032,0.1882871544278348,8.330143884613414e-5,-5.3482376780981365e-9,1.5415035418228868,0.9999999946517624,-2.728910694473396,1.9133676885721131,-1.5415035418228868,6.775869436020619,1.9133676939203508,1.5415035418228868,0.14758253595261858,0.0
-0.00014172035331552312,0.7642144321905293,0.26926387194044427,9.271835430571991e-5,-6.5701462767673576e-9,1.5285786585995405,0.9999999934298538,-1.8922005769225188,0.9122490914754122,-1.5285786585995402,2.4899162900941314,0.9122490980455585,1.5285786585995405,0.4016199248979766,0.0
-0.0007192921346405069,0.6499058643171213,0.06819216432018685,0.0005533335959052123,-1.99010028194412e-7,1.3000381267272176,0.9999998009899916,-6.354224323961489,8.74994954754051,-1.3000381267272176,6310.369726384532,8.749949746550538,1.3000381267272176,0.00015846928854403787,0.0
0.0007048834672118705,0.7563094833728712,0.2121334000268176,-0.00046609340239556955,-1.6426002691980166e-7,1.512025722876661,0.9999998357399865,-2.376370002115046,1.4225437209600353,-1.5120257228766603,4.14765751623828,1.4225438852200623,1.5120257228766605,0.24109990562743877,0.0
0.0010490873410797113,0.7617340145996241,0.20480288647402162,-0.0006888092379840235,-3.612770600585906e-7,1.5226216084782336,0.9999996387230052,-2.4788791555629643,1.5585113145397393,-1.5226216084782336,4.751742127739195,1.5585116758167994,1.5226216084782336,0.2104490546499394,0.0
0.0021607982015265765,0.6901516889721917,0.10905384312417007,-0.0015660329362043313,-1.6917311582112794e-6,1.3792786864834707,0.9999983082702728,-4.21746112649718,4.085828995851935,-1.3792786864834707,59.49123530197995,4.085830687583093,1.3792786864834707,0.0168091703457533,0.0
0.0015450575187018357,0.7723725545113467,0.18856101687669058,-0.0010005688553348983,-7.728737749612153e-7,1.5436130993377908,0.9999992271265237,-2.7297602472980182,1.915656369541463,-1.5436130993377906,6.79139499920315,1.915657142415238,1.5436130993377908,0.14724503982522824,0.0
0.0009980153922996703,0.7685294087270914,0.18760972625666716,-0.0006494564676169695,-3.2405807906532876e-7,1.5363277513535514,0.9999996759419735,-2.730301381605932,1.9078625943750223,-1.5363277513535516,6.7386701233154005,1.9078629184331013,1.5363277513535516,0.14839718485136016,0.0
-3.281824826859136e-5,0.7670454207670167,0.29596078867101955,2.139237198692361e-5,-3.5103153616871055e-10,1.534128829353742,0.9999999996489685,-1.7278300529073969,0.7633494234252545,-1.5341288293537423,2.145450220634598,0.763349423776286,1.534128829353742,0.46610263432408167,0.0
-0.00017412079923950018,0.7581936955764316,0.35990556437235854,0.00011481667975510322,-9.99625840143139e-9,1.5166353301244229,0.9999999900037416,-1.4045456278540698,0.4987381789219555,-1.5166353301244226,1.6466421914378142,0.49873818891821387,1.5166353301244229,0.6072964698727671,0.0
-0.0005030088525224284,0.7579212857904948,0.3010302434309778,0.00033176891730006915,-8.344684770937165e-8,1.5164418064486156,0.9999999165531558,-1.678837062720171,0.7126284825761489,-1.5164418064486151,2.0393446017325036,0.7126285660229965,1.5164418064486154,0.4903535752141234,0.0
0.0004791766062151,0.7614321580818862,0.2680576250014585,-0.0003147071258234709,-7.539596873804556e-8,1.5223581582954568,0.9999999246040341,-1.8933879574355577,0.9092857607964218,-1.5223581582954566,2.4825487663595194,0.9092858361923905,1.5223581582954568,0.40281179494027125,0.0
-0.00025724139517771934,0.7652964346087636,0.33151051239404394,0.000168048156108873,-2.1615257693723446e-8,1.5309271275995584,0.9999999783847425,-1.5391769302215799,0.6046097847718332,-1.5309271275995582,1.8305377657896054,0.6046098063870909,1.5309271275995582,0.5462875429687685,0.0
0.0008652948841177697,0.7690639873512043,0.30181411283797266,-0.0005627500707048026,-2.43445484558033e-7,1.537108899222373,0.9999997565545451,-1.6981958668798824,0.7383136891063993,-1.5371088992223731,2.092404093977274,0.7383139325518838,1.537108899222373,0.47791904031965937,0.0
0.0010561404593097804,0.7669418708782738,0.3256038723000264,-0.0006888422709279309,-3.637038830589743e-7,1.5325380034916392,0.999999636296183,-1.56960753342569,0.6287248488680814,-1.5325380034916392,1.8752178678674294,0.6287252125719645,1.5325380034916392,0.5332711752759809,0.0
0.0005467317223245569,0.7686788793284326,0.2314169685663503,-0.00035568790128599027,-9.722772262103744e-8,1.5368638853616372,0.9999999027722821,-2.2140566319629253,1.2552262757444588,-1.536863885361637,3.5086322028908636,1.2552263729721813,1.536863885361637,0.28501132206115914,0.0
0.0014514069595303052,0.7706964730458634,0.18813264068741184,-0.0009419452264712155,-6.834943125691616e-7,1.5403296822346932,0.999999316505921,-2.730097425825216,1.9121362515368197,-1.5403296822346935,6.767530514932708,1.9121369350311321,1.5403296822346932,0.14776428629311683,0.0
0.0019347603286261996,0.7701142886093981,0.2145432290472249,-0.0012568115010441032,-1.215601557754831e-6,1.53861073483237,0.9999987843991811,-2.3917785129863485,1.465421398018527,-1.5386107348323703,4.329367242735841,1.465422613620085,1.53861073483237,0.2309803554034505,0.0
0.0015818482448695947,0.757682168642646,0.12026996913495532,-0.0010441327974391632,-8.257613632154871e-7,1.5146108703693673,0.9999991742389778,-4.198852561239004,4.448309216219183,-1.5146108703693666,85.4822896781341,4.448310041980546,1.5146108703693668,0.011698319944450109,0.0
0.0007112273760974513,0.7613727687317136,0.3167565596534105,-0.00046720531055400693,-1.6612845183623975e-7,1.5218575953824898,0.999999833871562,-1.6019679467081749,0.650544400332792,-1.5218575953824898,1.9165839339862727,0.6505445664612439,1.5218575953824898,0.521761565532733,0.0
-0.0001567757390459212,0.7225929842152694,0.2531155699687492,0.00010847517713349808,-8.503299571583627e-9,1.4453507089682645,0.9999999914967005,-1.9033049328387046,0.8727467368487387,-1.445350708968265,2.393476081869967,0.8727467453520383,1.4453507089682647,0.41780237499403955,0.0
0.0016451773938618204,0.7025609646256976,0.17034756090452194,-0.0011713421674410343,-9.633959417351142e-7,1.403924717564146,0.9999990366045224,-2.7483483687701904,1.7658980421030765,-1.4039247175641458,5.846820692271535,1.7658990054990182,1.4039247175641458,0.17103295777931835,0.0
-0.0005728767886211983,0.7675605155183761,0.33991653986976333,0.0003730877458766452,-1.0687548109618158e-7,1.5358819432106294,0.9999998931245246,-1.5057632359912105,0.5806775950444198,-1.5358819432106292,1.787249051648934,0.580677701919901,1.5358819432106292,0.5595190509134217,0.0
0.00018178785616976812,0.7611966946353598,0.22312820217136678,-0.00011941552224306709,-1.0853955911441623e-8,1.5222335194459828,0.9999999891460442,-2.2741984795347756,1.3120220887810956,-1.5222335194459828,3.7136755065854343,1.3120220996350516,1.5222335194459828,0.26927500460736303,0.0
0.004428121489991427,0.6827866089231628,0.020909226934431112,-0.0032431664666048394,-7.18021093497878e-6,1.3651663452245073,0.9999928198148427,-21.76662302910666,107.76729418506628,-1.3651663452245073,6.349524367479884e46,107.7673013652772,1.3651663452245073,1.574909807317968e-47,0.0
0.0002707380355732557,0.7687083272242398,0.2709283987620248,-0.00017611572291955415,-2.3839872450204145e-8,1.537130365943635,0.9999999761601278,-1.891365046042234,0.9162822524261243,-1.537130365943635,2.499978801469799,0.9162822762659967,1.537130365943635,0.4000033822575629,0.0
0.0007350341228506234,0.7635987065882984,0.2126969495138209,-0.0004813929012206144,-1.769082404702151e-7,1.5265830683669535,0.9999998230917752,-2.3929041519117775,1.4562803465057073,-1.5265830683669537,4.28997260228469,1.4562805234139478,1.5265830683669535,0.23310168054667996,0.0
-0.0002661540764345396,0.7707541355951061,0.2718324684925512,0.00017264245360738663,-2.2975445778130842e-8,1.5417898501361964,0.9999999770245545,-1.8904401783598914,0.918499910579597,-1.541789850136196,2.5055290518467075,0.9184999335550428,1.5417898501361962,0.3991172947236439,0.0
0.0014426615319098456,0.7556809142332236,0.24747990528385144,-0.0009549921250751383,-6.887574282240548e-7,1.5099437803024847,0.9999993112428089,-2.0347144315303716,1.0408985489064708,-1.5099437803024849,2.8317603466890975,1.040899237663899,1.5099437803024847,0.353136985060198,0.0
0.0007351502390672005,0.7612821851780103,0.21396894225782734,-0.00048293521312763906,-1.775029186835985e-7,1.5219443715356287,0.9999998224970971,-2.371456896006813,1.4259393147064268,-1.5219443715356284,4.161765214613571,1.4259394922093453,1.5219443715356284,0.24028261348951405,0.0
0.0004647732403345268,0.765120551794964,0.19139740460152246,-0.00030376011994470313,-7.058710537137115e-8,1.5298922701984548,0.9999999294128972,-2.6647290752273527,1.8101588404345588,-1.5298922701984545,6.1114180954443365,1.810158911021664,1.5298922701984548,0.16362813242287122,0.0
0.0002155781944408615,0.7679476002019462,0.2706424232661212,-0.00014037037974461286,-1.5130022232890032e-8,1.5356672593255192,0.9999999848699779,-1.8915256168771202,0.9156001637894535,-1.5356672593255192,2.498274175756402,0.9156001789194758,1.5356672593255192,0.4002763165765055,0.0
0.0014884451800510202,0.7653051446464378,0.2702366770362684,-0.0009729534943008825,-7.239695207518863e-7,1.5290327229776115,0.9999992760307413,-1.8870144039576175,0.9064996673885735,-1.5290327229776115,2.475641779829574,0.9065003913580942,1.5290327229776115,0.4039353690741083,0.0
-0.00033338608058660447,0.7694751960223342,0.3174332791049582,0.0002166030843860732,-3.610783960637604e-8,1.5393629342087138,0.9999999638921611,-1.6162521538032923,0.6703851435719717,-1.5393629342087138,1.9549901275381536,0.6703851796798113,1.5393629342087138,0.5115115159949293,0.0
0.0013127000808728318,0.7645297527296028,0.18653512724063043,-0.0008587715381572883,-5.635956642591189e-7,1.5280983591103607,0.9999994364044945,-2.73153007853746,1.8990604269899043,-1.5280983591103607,6.679615506534153,1.8990609905855687,1.5280983591103607,0.14970913152505141,0.0
0.000816502248692441,0.7590637512907805,0.194660784545975,-0.0005379464134744076,-2.196020762937997e-7,1.5174992001562173,0.9999997803979478,-2.599073999263253,1.7077907544641926,-1.5174992001562169,5.516760127014256,1.707790974066269,1.517499200156217,0.18126577146270834,0.0
0.0017352466023153566,0.7762730472632698,0.22798588854409327,-0.0011182288587587843,-9.700420205870874e-7,1.551016452126781,0.9999990299584499,-2.2688264951195882,1.3293495826580815,-1.5510164521267813,3.7785849309770296,1.329350552700102,1.551016452126781,0.26464908113098307,0.0
0.0011395130489772639,0.7628796020655148,0.22108625460960174,-0.0007470924913359126,-4.256147262244941e-7,1.524768172846491,0.9999995743853644,-2.299651013555923,1.343055847940228,-1.5247681728464915,3.830731771281893,1.343056273554954,1.5247681728464912,0.26104661826811504,0.0
0.0016715362332809754,0.7613318627793636,0.18566593319061298,-0.00109821228658317,-9.177278552022732e-7,1.521440321904548,0.999999082272566,-2.732599706680404,1.8919355848470052,-1.5214403219045478,6.632193438457921,1.8919365025748605,1.521440321904548,0.15077954096964336,0.0
0.0006338049756952445,0.7591704672778181,0.24866021310136405,-0.0004175182277640116,-1.323035160576725e-7,1.5177180135266992,0.9999998676964927,-2.0349448686192466,1.047048619347196,-1.5177180135266988,2.8492295356017387,1.047048751650712,1.517718013526699,0.3509720277714653,0.0
-0.00014281006979439641,0.7678669147757654,0.4091712253240611,9.298450930576757e-5,-6.639726609529955e-9,1.5359621090651836,0.9999999933602735,-1.2511860351307085,0.40080909708374624,-1.5359621090651834,1.49303221708795,0.40080910372347284,1.5359621090651836,0.6697779069434283,0.0
-0.00024335558776137186,0.7658071958139815,0.21632253139237825,0.0001588775920319295,-1.9332308665726928e-8,1.5318206044453022,0.9999999806676915,-2.360237262661458,1.4224153889161482,-1.5318206044453022,4.147125273024538,1.4224154082484568,1.5318206044453022,0.24113088340309094,0.0
0.0004420599324403967,0.7688216225438356,0.24543258437498838,-0.00028753145879808963,-6.355015147828708e-8,1.5372198275535396,0.9999999364498505,-2.0880568082620115,1.1167339181627791,-1.5372198275535394,3.054860467708874,1.1167339817129307,1.5372198275535396,0.3273471724879939,0.0
-0.0005592251189701132,0.7631652852892532,0.3786259341300544,0.0003662854788093147,-1.024273235843911e-7,1.5271626816679411,0.9999998975726817,-1.3441116842943646,0.46008845605796767,-1.527162681667941,1.5842141121321793,0.46008855848529123,1.5271626816679411,0.6312277424588719,0.0
0.0006603937524628352,0.7690225234910656,0.24478776007399916,-0.0004294602403596023,-1.417967352614229e-7,1.5374142873204604,0.9999998582032747,-2.09396317676238,1.1230511236986938,-1.5374142873204601,3.074219733014967,1.123051265495429,1.5374142873204601,0.3252857456687226,0.0
-0.0003079364448788726,0.765914099260769,0.31804304383332294,0.0002010002801211832,-3.094894719581939e-8,1.5322117589669446,0.9999999690510533,-1.6056736223280184,0.6585530877335046,-1.532211758966944,1.9319948839609944,0.6585531186824518,1.5322117589669444,0.5175996982977739,0.0
0.012934513950701521,0.684035833904676,-0.1320775269388043,-0.009428810056823545,-6.103389423293243e-5,1.375543671295038,0.9999389679682973,3.4621273867122926,2.7628794664789993,-1.375543671295038,15.845403630151628,2.762940500373232,1.375543671295038,0.06310593225063392,0.0
0.1694680931203766,0.6898530442073123,-0.012382595650681874,-0.12242558226445727,-0.010384975508273985,1.388801767309505,0.9896687621675232,37.26342916871493,323.51148100798525,-1.3888017673095048,3.1568288297106932e140,323.5218659834935,1.3888017673095048,3.1350092626283947e-141,0.0
-0.0011090647440030734,0.7694716837021813,0.3967150219348927,0.0007202651778684781,-3.994844759314783e-7,1.5406578074993849,0.9999996005156039,-1.2937923549771535,0.43029580584535454,-1.540657807499385,1.537712320572055,0.4302962053298305,1.540657807499385,0.6503164389965914,0.0
0.0017443227208787603,0.7711760616684354,0.18822973222045886,-0.0011314184079076696,-9.866431077941129e-7,1.5410743238331723,0.999999013357379,-2.7301978375009197,1.912935475582009,-1.5410743238331726,6.772941450033491,1.9129364622251168,1.5410743238331726,0.14764619194403844,0.0
0.0009314571610457526,0.763274999925855,0.20099980610217172,-0.0006103185428711609,-2.842199413143298e-7,1.525813956399044,0.999999715780099,-2.5309841631548506,1.6282445621857402,-1.5258139563990438,5.0949230432100086,1.6282448464056816,1.5258139563990438,0.1962737625866197,0.0
0.0011654610454905738,0.7676647818496845,0.27425643947515516,-0.0007594040782139483,-4.424678809645372e-7,1.5340799349476857,0.9999995575322169,-1.8652916618967919,0.8888660644211799,-1.5340799349476852,2.432369936104561,0.8888665068890609,1.5340799349476855,0.4111214921253778,0.0
0.0008786166928471398,0.7680022524945617,0.32510449649492573,-0.000572222311233356,-2.513515803192707e-7,1.5348883127108632,0.9999997486484513,-1.5743106451456073,0.6335639430588971,-1.5348883127108628,1.8843142150481107,0.6335641944104774,1.534888312710863,0.5306969191562986,0.0
0.0010150844121800404,0.7702429487359901,0.18805467712237403,-0.0006590969067798452,-3.3449257642619553e-7,1.5397422199359991,0.9999996655074795,-2.7299047317353367,1.9115336196445725,-1.5397422199359991,6.763453413831618,1.911533954137149,1.5397422199359991,0.14785341220247447,0.0
-0.00023495239318054674,0.7696303929510765,0.30057360218134516,0.00015262611117611088,-1.7930469368614534e-8,1.5395360381822918,0.9999999820695308,-1.7071785422609587,0.7479527032684408,-1.5395360381822918,2.112670322994048,0.7479527211989101,1.5395360381822918,0.4733346093735743,0.0
-0.00018948623766232327,0.7625378276699194,0.20428967445466087,0.0001242409036390981,-1.1771166586245065e-8,1.525227942142389,0.9999999882288335,-2.4885444370637195,1.5744093600604074,-1.5252279421423889,4.827889231622385,1.574409371831574,1.5252279421423889,0.207129853286379,0.0
-6.890400418883028e-5,0.7660110347657065,0.27763463181178444,4.4974756448016164e-5,-1.5494830317953672e-9,1.5320969888310967,0.999999998450517,-1.8394193346646044,0.8640079516050823,-1.5320969888310967,2.3726511333082434,0.8640079531545652,1.5320969888310967,0.42146946275080627,0.0
0.002647333184976711,0.6931571219495807,0.0475798786103051,-0.0019099954592684898,-2.528031417191891e-6,1.385768979786572,0.9999974719717782,-9.71027846452352,21.768677070824374,-1.385768979786572,2.8445680659144626e9,21.76867959885579,1.385768979786572,3.515463327998457e-10,0.0
0.0016430505367522653,0.7577659292023531,0.22684021538299984,-0.001084669494448838,-8.909386596042935e-7,1.5140555784342653,0.9999991090617373,-2.2259335216228293,1.2490829535009738,-1.5140555784342657,3.4871436178681003,1.2490838444396333,1.5140555784342655,0.2867674000972454,0.0
0.0014604308190754058,0.6934465134021163,0.2415127225923688,-0.0010536033321607156,-7.692161539798341e-7,1.3853662751485374,0.9999992307841419,-1.9131216444111574,0.8441500494130652,-1.3853662751485374,2.325999989106394,0.8441508186292191,1.3853662751485374,0.42992228523970155,0.0
-2.4561297393997775e-5,0.763218878770405,0.18632482238916975,1.6090503888536717e-5,-1.9760221371638683e-10,1.526455745902485,0.9999999998023977,-2.730798706167403,1.8972189869410494,-1.5264557459024852,6.667326713040222,1.8972189871386516,1.526455745902485,0.14998515039716867,0.0
0.005135070449884799,0.7070473512228607,0.0002467297363411718,-0.003631355242164564,-9.323626590981953e-6,1.4140893266657926,0.9999906764168739,-1910.4466767642814,860188.8003699174,-1.4140893266657926,Inf,860188.800379241,1.4140893266657926,0.0,0.0
-0.0007484305784654275,0.7710380732137074,0.40154771517055177,0.00048515570132384554,-1.8157560827067464e-7,1.5432450254076262,0.9999998184244082,-1.2805954955749963,0.4221204498725275,-1.5432450254076264,1.5251922228286678,0.4221206314481358,1.5432450254076264,0.6556549420175892,0.0
0.0018571430767545748,0.7631823869296193,0.12117443397993036,-0.0012170626408314208,-1.13002050426557e-6,1.5254799125995133,0.9999988699801342,-4.197591557644104,4.477170265849146,-1.525479912599513,87.98534494106657,4.47717139586965,1.5254799125995133,0.011365516276033737,0.0
0.0008386063630611604,0.7768815697341923,0.3097417344314521,-0.0005399003257326728,-2.2635755120430912e-7,1.5527597614885094,0.9999997736424744,-1.671566209108096,0.7226357728134218,-1.5527597614885094,2.059855372501787,0.7226359991709731,1.5527597614885094,0.48547086702884856,0.0
0.001377772005556526,0.7740711298333107,0.21704818946296173,-0.000890285178347317,-6.132284181549225e-7,1.5469828509502255,0.9999993867717699,-2.376680433866673,1.4552922626401905,-1.5469828509502253,4.285735843054281,1.4552928758686086,1.5469828509502255,0.23333201657596989,0.0
0.0018150716716601567,0.6893548603299767,0.10893545592758741,-0.0013169113194522776,-1.1950198183153843e-6,1.377848970649949,0.9999988049808958,-4.217418880194936,4.081994832359365,-1.3778489706499497,59.26357290578299,4.0819960273791835,1.3778489706499493,0.01687375154668265,0.0
0.0020419532880596968,0.7670730033932825,0.12181029612817548,-0.0013314254810811246,-1.3592105705278824e-6,1.5331729187938266,0.9999986407903532,-4.196852295573863,4.497917955674081,-1.5331729187938266,89.82990661574189,4.497919314884652,1.5331729187938266,0.011132134925487189,0.0
-0.001134882200822126,0.7671285067022307,0.3328341457032298,0.0007393392287068978,-4.195987212194479e-7,1.5357334774478906,0.9999995804013668,-1.537297445031224,0.605477131679071,-1.5357334774478906,1.8321261658066879,0.6054775512777922,1.5357334774478906,0.5458137103571498,0.0
0.00019747185228131115,0.7659672148812617,0.2837088756059009,-0.0001289128261018008,-1.2728023376144401e-8,1.5317149874848563,0.9999999872719767,-1.7997612345310652,0.8267882080121602,-1.5317149874848561,2.285964893343565,0.8267882207401837,1.5317149874848561,0.43745203182421905,0.0
0.003622598180726004,0.7077458755965089,0.11190993660947869,-0.0025608060253812463,-4.637445968775996e-6,1.4137722733532003,0.9999953625647842,-4.213602637775929,4.178369464354034,-1.4137722733532008,65.25935870545594,4.178374101800003,1.4137722733532005,0.015323401614750789,0.0
0.0007155504102284851,0.7558657210620972,0.1853030110765515,-0.00047341411386440496,-1.6936600118102017e-7,1.511205091759483,0.9999998306340132,-2.7189129454520446,1.8612789784695587,-1.511205091759483,6.431957848623608,1.86127914783556,1.511205091759483,0.1554736293627928,0.0
0.007864673198990665,0.6931067904878,0.06476168931049607,-0.005678011687371367,-2.2321925596134327e-5,1.3840072752028065,0.9999776783235362,-7.129268568275367,11.705344326491002,-1.3840072752028065,121217.81454259052,11.705366648416598,1.3840072752028065,8.249428370713515e-6,0.0
-0.00088244146702568,0.7727311247881311,0.27273188239434687,0.0005708161902117328,-2.518813008040144e-7,1.546396328220608,0.9999997481187309,-1.889437195395628,0.9206546072661441,-1.546396328220608,2.5109335274046036,0.9206548591474449,1.546396328220608,0.3982581526769324,0.0
0.0008781202374252656,0.7720491790470098,0.3195516270967471,-0.0005688954293700716,-2.497498770775635e-7,1.5430076093334009,0.9999997502501541,-1.6101237409194242,0.6662361813560775,-1.5430076093334002,1.9468957506098745,0.6662364311059547,1.5430076093334004,0.5136380568589249,0.0
0.001484881266713595,0.7711159365583631,0.28839731691568515,-0.0009633338548009526,-7.150892857842747e-7,1.5405649357226143,0.9999992849109699,-1.7815681284236868,0.814073192900014,-1.5405649357226143,2.2570828222804122,0.8140739079892998,1.5405649357226143,0.44304944197866636,0.0
0.00013695780436060503,0.7622526799188598,0.24562018511355024,-8.984143678792504e-5,-6.152153905340864e-9,1.5243729586157113,0.9999999938478461,-2.068829913852516,1.087306131863877,-1.5243729586157113,2.9662725527693663,1.087306138016031,1.5243729586157113,0.3371234355771616,0.0
-0.0015926457377776714,0.7715914369459921,0.3461309302213801,0.0010313367731457574,-8.214669085598193e-7,1.545324739231947,0.9999991785334288,-1.4871576733254128,0.5704059769672043,-1.545324739231947,1.768985072868704,0.5704067984341129,1.545324739231947,0.5652954306232576,0.0
0.0009861542206152523,0.7604779133741029,0.32384753692393675,-0.0006486467079333938,-3.1978865321306237e-7,1.5196954509160174,0.999999680211398,-1.564857394802621,0.6197185696125529,-1.5196954509160179,1.8584049566167808,0.6197188894012061,1.5196954509160177,0.5380956807346734,0.0
-0.00013729506113335189,0.7640172740409887,0.31198716291724626,8.984581269559401e-5,-6.167806309164656e-9,1.5282027325231948,0.9999999938321937,-1.6326725604283014,0.6790092682058175,-1.5282027325231948,1.9719231172127991,0.6790092743736238,1.5282027325231948,0.5071191595165417,0.0
0.00282593073475833,0.6718963109261061,-0.07046422821259475,-0.002102256287734108,-2.9707426653652663e-6,1.3446814250531338,0.9999970292617473,6.358957150082971,9.06832165175232,-1.3446814250531334,8676.050145737916,9.068324622494986,1.3446814250531336,0.0001152594801164206,0.0
0.0005317652689173536,0.756672978856963,0.2661972016447053,-0.00035144898980994703,-9.343840551664942e-8,1.5127846292882765,0.9999999065615989,-1.8946671667377841,0.9047540450780984,-1.512784629288276,2.4713240139965675,0.904754138516504,1.5127846292882763,0.40464135859887607,0.0
0.0006405449798408814,0.7585304578093549,0.18503247940953466,-0.0004222928456357367,-1.3524181393347176e-7,1.5165920882651205,0.9999998647581952,-2.7325409873666997,1.8867598695933694,-1.5165920882651205,6.597955772348726,1.8867600048351834,1.5165920882651205,0.15156207456695597,0.0
0.0006117187669251764,0.777968849061336,0.2744601829118652,-0.0003932330252162835,-1.2026566616924576e-7,1.555290137274505,0.999999879734341,-1.889301271553511,0.924872232391929,-1.5552901372745047,2.5215460678659722,0.9248723526575952,1.5552901372745047,0.3965820384874658,0.0
0.0005602725962724182,0.7603366932739359,0.3011085501551663,-0.0003685178406686003,-1.0322768893553072e-7,1.5200076033116117,0.9999998967723164,-1.6830480725818917,0.7172941407208571,-1.5200076033116114,2.048881717644096,0.717294243948546,1.5200076033116117,0.4880710722150252,0.0
0.0049931427494446295,0.6835877621486113,-0.02659677385475445,-0.0036513811500691238,-9.116581054152161e-6,1.367758214049458,0.9999908834605018,17.138254895638923,66.98479840286768,-1.3677582140494575,1.233469223390932e29,66.98480751944874,1.3677582140494577,8.107140936288829e-30,0.0
0.0002525696187305043,0.7772664458399994,0.30043598427466855,-0.0001624883055354682,-2.0519160240026616e-8,1.5542399876759587,0.99999997948084,-1.724589730743779,0.770294091791482,-1.5542399876759583,2.1604015167199018,0.7702941123106423,1.5542399876759585,0.46287691049167645,0.0
-0.001221264213150099,0.7681879804484923,0.3079734599954668,0.0007945197066304057,-4.852364741814544e-7,1.537844106795498,0.9999995147636436,-1.6636823552575675,0.7100947423599184,-1.537844106795498,2.034183972907606,0.7100952275963927,1.537844106795498,0.4915973815948771,0.0
-0.00017496791924194224,0.7704470921521371,0.28037685717092775,0.00011354256329959868,-9.933358228103879e-9,1.5410851925465927,0.9999999900666419,-1.8320457496318858,0.8621877563184424,-1.5410851925465927,2.368336372943068,0.8621877662518006,1.5410851925465927,0.4222373145517199,0.0
-0.0004925396054737102,0.7614552875181172,0.4019727645573638,0.00032333712729343993,-7.963496467834215e-8,1.5236904113498875,0.9999999203650385,-1.2631871505610237,0.4054180692479302,-1.5236904113498875,1.4999294433691135,0.4054181488828949,1.5236904113498875,0.6666979735519141,0.0
0.0006818273589210785,0.7555274728058197,0.23016834488013496,-0.0004513191324734427,-1.5385028652125264e-7,1.5104316693452344,0.9999998461497254,-2.187881668763195,1.2045317279500742,-1.5104316693452344,3.33519693283684,1.2045318818003607,1.5104316693452344,0.2998323236340797,0.0
-0.0010559910613883315,0.7646860562486878,0.32916600552700964,0.0006901660352415331,-3.6445868808206254e-7,1.5307351876792008,0.9999996355413784,-1.5494245298696658,0.6130222309770881,-1.5307351876792008,1.846002021179912,0.6130225954357762,1.5307351876792008,0.5417110187681198,0.0
0.0006538364087102789,0.6868939447855466,0.1663647179670973,-0.0004760192643893493,-1.5561039083130536e-7,1.3733127327070909,0.9999998443896213,-2.752086556018337,1.7329741513402843,-1.373312732707091,5.657455038977986,1.7329743069506751,1.373312732707091,0.17675789511360754,0.0
0.00019478626748922282,0.7578082341808683,0.3505158102369246,-0.00012853095973657677,-1.2517660816648108e-8,1.515346155560781,0.9999999874823393,-1.441191588416414,0.5244771362718157,-1.5153461555607812,1.6895751997973132,0.5244771487894765,1.515346155560781,0.5918647406770071,0.0
0.0014805435278255538,0.7678456604409342,0.1890110221627973,-0.0009644327101476194,-7.138575275144029e-7,1.534597590407755,0.9999992861427273,-2.707327925603856,1.8733345762728622,-1.5345975904077547,6.509968231618536,1.8733352901303897,1.534597590407755,0.15361047098291342,0.0
0.0010723486793881491,0.7690823643393884,0.1877457198806703,-0.000697339206565071,-3.7386355600907847e-7,1.5373791939707513,0.9999996261365138,-2.73023882568785,1.9090137784747268,-1.5373791939707513,6.746432040054891,1.9090141523382829,1.5373791939707513,0.14822644328132556,0.0
0.0004770599695616989,0.7693217811938079,0.187865751827033,-0.0003100875170224511,-7.396236999108783e-8,1.5382940334405102,0.9999999260376328,-2.729730819219111,1.9099810583858456,-1.5382940334405102,6.75296088534036,1.9099811323482156,1.5382940334405102,0.14808318055099043,0.0
-0.0006424994581494279,0.7643839407692982,0.3278735155849863,0.00042015915150966725,-1.3498817314973553e-7,1.5295944358872604,0.9999998650118359,-1.5546454003607557,0.6164847752697062,-1.5295944358872602,1.852404963781505,0.6164849102578794,1.5295944358872604,0.5398386878484892,0.0
0.0009348171026406696,0.747273196682711,0.2820298299966913,-0.0006257071435222617,-2.9242632504599615e-7,1.4934875848895302,0.9999997075737177,-1.765790742944938,0.7755697030577777,-1.4934875848895308,2.171829072467787,0.7755699954841028,1.4934875848895304,0.4604412567502132,0.0
-0.00032009408386286396,0.7831127452901188,0.2766544864046828,0.00020435079567928446,-3.270692078523776e-8,1.5665646979667878,0.9999999672930797,-1.8873060938813424,0.9301988472850511,-1.5665646979667875,2.5350132079976366,0.9301988799919719,1.5665646979667878,0.39447524933527367,0.0
0.0016212061858630496,0.7729452875899911,0.3219228768163324,-0.0010494078761254227,-8.504672522059809e-7,1.5438636047653662,0.9999991495331094,-1.5996347792477406,0.6575500058740298,-1.5438636047653662,1.9300579065761447,0.657550856341282,1.5438636047653662,0.5181187290422147,0.0
0.0007405657381746926,0.7637283712055959,0.30751961878292644,-0.00048497787643716415,-1.795614603781082e-7,1.5265619011411111,0.9999998204385557,-1.6551890551672899,0.6966324989736501,-1.5265619011411113,2.0069827983967303,0.6966326785351105,1.5265619011411111,0.49826028466083583,0.0
-0.00034816055705840215,0.7560915670032309,0.26615144584764905,0.00023020904953827376,-4.007647901484438e-8,1.5125507568347527,0.9999999599235218,-1.8941182661422518,0.9046455122171431,-1.5125507568347527,2.471055808685789,0.9046455522936221,1.5125507568347527,0.4046852994612711,0.0
-0.0006099892508702139,0.7571862269476463,0.3298526841992728,0.00040269405329801676,-1.2283029194988976e-7,1.5151694321816411,0.9999998771697156,-1.530755006299876,0.5920381668066703,-1.5151694321816407,1.8076689942484283,0.5920382896369623,1.515169432181641,0.5531985559034739,0.0
-0.0008616645195626439,0.7628689020649804,0.4103093871670099,0.0005644956004038224,-2.432398182833672e-7,1.5271275111931217,0.9999997567602112,-1.2400664030630062,0.3917499661881708,-1.5271275111931213,1.4795677231917457,0.3917502094279891,1.5271275111931215,0.6758729195599082,0.0
0.00807094363849813,0.6979472763921186,0.07294047655697741,-0.005787165106526163,-2.3346873054942546e-5,1.3933618412995337,0.9999766533994812,-6.373362056628335,9.415853844751883,-1.3933618412995332,12281.555275143519,9.415877191624938,1.3933618412995334,8.142101150847895e-5,0.0
0.001647471547170225,0.7571586672959045,0.18457851875722953,-0.001088363336092907,-8.964048348979553e-7,1.5131120036371348,0.9999991035955669,-2.7336418114566094,1.883028747417602,-1.513112003637135,6.573383862157306,1.8830296438224368,1.513112003637135,0.15212851167151817,0.0
0.000523350255679399,0.758405389090061,0.27041610950394457,-0.0003450970129917023,-9.029774817377607e-8,1.5162508594301942,0.9999999097022559,-1.869379283143924,0.8827835977767666,-1.5162508594301944,2.4176200304802387,0.8827836880745148,1.5162508594301942,0.41362989100632774,0.0
-0.0018747275729203894,0.7106781927353052,0.07439389807095356,0.0013186977504043276,-1.2361848153536922e-6,1.4219450038667902,0.9999987638159488,-6.369925184423027,9.620108109433609,-1.4219450038667905,15064.678484230537,9.620109345618424,1.4219450038667902,6.638035885483595e-5,0.0
-0.0011371028119674348,0.7666178656825888,0.28204010720493394,0.0007413327140911632,-4.215432109117079e-7,1.5344902447141184,0.9999995784568779,-1.8128189914081068,0.8411562492731659,-1.5344902447141187,2.3190468234011736,0.8411566708163768,1.5344902447141187,0.4312114651442237,0.0
-3.433705521486706e-5,0.7738289884969505,0.30848473117898856,2.2186167869584136e-5,-3.8090551999191356e-10,1.5476990415580878,0.9999999996190945,-1.6723448011629491,0.7214370380895452,-1.5476990415580878,2.0573876317193927,0.7214370384704507,1.5476990415580878,0.486053276592986,0.0
0.0019353768222728429,0.7693116372418871,0.12218886025630636,-0.001258239876327774,-1.2174624463671572e-6,1.537700817105269,0.9999987825382948,-4.19613278048434,4.509811925146241,-1.5377008171052693,90.90472001075904,4.509813142608688,1.537700817105269,0.011000515511405125,0.0
0.0011081335134497472,0.7684198151077901,0.1875692411996858,-0.0007212374036103849,-3.995784833346135e-7,1.53602793850046,0.9999996004215965,-2.7304295283722912,1.9075689793823276,-1.5360279385004598,6.736691839177525,1.907569378960811,1.53602793850046,0.14844075167666942,0.0
-0.00044080690521482,0.7662492086099733,0.2701184702510353,0.0002875956508317919,-6.339028710600679e-8,1.5329645266034677,0.9999999366097149,-1.891431156715865,0.9143110377177923,-1.5329645266034677,2.495055660364052,0.9143111011080794,1.5329645266034677,0.4007926366114837,0.0
0.0012352412240320793,0.7584550596911628,0.12041605086829092,-0.0008144720293662427,-5.030021833337447e-7,1.5163216663504118,0.9999994969979432,-4.198266155634069,4.452577142904328,-1.5163216663504113,85.84790147054721,4.452577645906511,1.5163216663504115,0.011648502524444635,0.0
0.011222728120845689,0.6857717587345604,0.06401120333633473,-0.008191949417580568,-4.5950415606948154e-5,1.3683972582297825,0.9999540506400972,-7.134013612435946,11.580548238988428,-1.3683972582297823,106996.16150210155,11.580594189404035,1.3683972582297825,9.345700225147386e-6,0.0
-0.0002983028258693135,0.7658455221306492,0.1870323146495959,0.00019474002157830777,-2.9046440014217037e-8,1.5319095803232425,0.9999999709535604,-2.730010079028483,1.9031469923440616,-1.5319095803232423,6.706968042740011,1.9031470213905015,1.5319095803232423,0.14909866344689313,0.0
-0.0002233736344045918,0.7613038714570955,0.3294534805526672,0.00014669068100433077,-1.6383935236697066e-8,1.5228977094467202,0.9999999836160649,-1.5406856264158009,0.6026015280858461,-1.5228977094467206,1.8268652649789554,0.6026015444697813,1.5228977094467204,0.5473857337955267,0.0
0.0011608441858556066,0.7731008161779249,0.2336498833209195,-0.0007510272441464184,-4.3586331658048306e-7,1.545148767788056,0.9999995641367784,-2.2051158740917765,1.2513703241532732,-1.545148767788056,3.495129137279609,1.2513707600165898,1.545148767788056,0.2861123365859712,0.0
0.0012105627687838843,0.7625224460657507,0.18602118942333984,-0.000794018992638766,-4.805583537983269e-7,1.524158665986889,0.9999995194417617,-2.731950024592029,1.894836907581769,-1.524158665986889,6.651463512897375,1.8948373881401228,1.524158665986889,0.15034278057794867,0.0
3.1789121963906846e-5,0.7133176604772962,0.24948579653683423,-2.228284490433575e-5,-3.541746570283821e-10,1.426601965434732,0.9999999996458253,-1.9060786398769805,0.8638195768828407,-1.426601965434732,2.372204227904193,0.8638195772370154,1.426601965434732,0.4215488649260652,0.0
0.001126607820096799,0.7623383166511015,0.18598077092685197,-0.0007391158197174887,-4.1630928419974964e-7,1.5238518653224713,0.9999995836908024,-2.731938794381857,1.8945161442269485,-1.523851865322471,6.6493303092915745,1.8945165605362326,1.5238518653224713,0.15039102243024882,0.0
0.0012502552264203868,0.7658713891275325,0.19873149558260783,-0.0008164900143635754,-5.103563673316911e-7,1.5307692045649686,0.999999489643763,-2.5683833471236084,1.6819065295437334,-1.5307692045649686,5.375795319808319,1.6819070399001008,1.5307692045649686,0.18601889211797953,0.0
0.0014600892735523554,0.7668785657586925,0.194062164053977,-0.0009523132631552986,-6.951473890711712e-7,1.5326482836811537,0.9999993048528525,-2.6335250443646845,1.7703202584094226,-1.5326482836811537,5.872733852647569,1.7703209535568116,1.5326482836811537,0.1702783286189666,0.0
0.0011114587088307808,0.7653171161426352,0.237698731191557,-0.0007263884104655752,-4.036298108080358e-7,1.5295982626641509,0.9999995963702707,-2.14573610301355,1.1729635286395692,-1.5295982626641507,3.231555268554586,1.1729639322693801,1.5295982626641509,0.3094483965974537,0.0
0.00018330981759496465,0.7672031642928536,0.2897131181185082,-0.00011947436632843586,-1.0950165112257523e-8,1.5341986488384818,0.999999989049835,-1.7653124105164875,0.7967364776068258,-1.534198648838482,2.218289664602294,0.7967364885569909,1.534198648838482,0.4507977497290102,0.0
0.0005716616329307726,0.7651590284810357,0.23779744478466344,-0.0003736224737352962,-1.067866155115259e-7,1.529784978144661,0.9999998932133902,-2.1447546376271323,1.172419435769108,-1.5297849781446615,3.2297974806157708,1.1724195425557236,1.5297849781446613,0.30961690298387906,0.0
0.0012114020338233064,0.7701028012174176,0.2712758483683802,-0.0007868468308874518,-4.7652784840657774e-7,1.5389248871853254,0.9999995234722652,-1.8917585845674214,0.9171408190259924,-1.5389248871853254,2.5021261214458193,0.9171412955538408,1.5389248871853254,0.3996599191788259,0.0
0.0024500261580463253,0.6886832119237212,0.07208778829974825,-0.001779272940601181,-2.1794295937566756e-6,1.3765968407410252,0.9999978205727812,-6.367151611350159,9.29614825745817,-1.376596840741025,10895.969807976317,9.296150436887764,1.3765968407410252,9.17768531113899e-5,0.0
0.0014253425780595818,0.7613691527349317,0.12088715238687182,-0.0009362478552501147,-6.671873611716654e-7,1.5220592234469663,0.9999993328128614,-4.197851010630487,4.468281585130457,-1.522059223446966,87.20673682781445,4.4682822523178185,1.522059223446966,0.011466996349001252,0.0
0.0015540723882264764,0.759964620599165,0.19236714024312745,-0.0010228608906368197,-7.946970015197316e-7,1.51874865225194,0.9999992053033142,-2.6327069942140935,1.7530809983076536,-1.51874865225194,5.7723599381121655,1.7530817930046552,1.51874865225194,0.17323923248458434,0.0
0.0012579478930529772,0.6820491325124091,0.165048086226863,-0.0009224916478130881,-5.801584283528579e-7,1.3631847321386272,0.9999994198417399,-2.7540286990611955,1.7220638414055602,-1.3631847321386272,5.596065947023193,1.7220644215639886,1.3631847321386272,0.17869686120723544,0.0
0.00013698793288349718,0.7592322421601766,0.2672722365344445,-9.021907372231654e-5,-6.179364074066343e-9,1.5183198059986822,0.999999993820636,-1.8936898258339878,0.9073781423461835,-1.5183198059986827,2.4778175246659218,0.9073781485255475,1.5183198059986824,0.4035809674707437,0.0
0.00227684307421652,0.7718410369451222,0.18835258305067978,-0.0014757401803419101,-1.6797117331430803e-6,1.54201431704097,0.9999983202896776,-2.730425691499498,1.9139382245816128,-1.5420143170409693,6.779736416550461,1.9139399042933458,1.5420143170409697,0.14749811185115042,0.0
0.0011147679819874235,0.7794024050810231,0.24172972183752997,-0.0007153808511524645,-3.98697584026763e-7,1.5577672372771043,0.9999996013024954,-2.148799372392888,1.197991365242976,-1.5577672372771048,3.3134547137004224,1.19799176394056,1.5577672372771045,0.3017996887561832,0.0
0.005076118363737958,0.6933567773525481,0.046390445020846396,-0.003661884280368759,-9.292940050453788e-6,1.3856942960568093,0.9999907071031288,-9.960412643580925,22.89556021031605,-1.3856942960568095,8.778401884504848e9,22.895569503256098,1.3856942960568095,1.1391489251229865e-10,0.0
-9.840996134446531e-5,0.7657230783964388,0.32739362358077495,6.425684999720544e-5,-3.16180049304046e-9,1.5315723804906405,0.9999999968381995,-1.5592945395935638,0.6206951934923552,-1.5315723804906405,1.86022080583228,0.6206951966541557,1.5315723804906405,0.5375705903852582,0.0
0.0015307148872758618,0.7732248135235341,0.1228516156326078,-0.0009900588574340082,-7.576893041458234e-7,1.5457198450658254,0.9999992423109829,-4.194992276102333,4.531445605706747,-1.5457198450658256,92.8927503563832,4.531446363396051,1.5457198450658254,0.010765094568461845,0.0
0.00043488696264402336,0.7775691641409727,0.3168817975758684,-0.0002796930163676441,-6.081395651313039e-8,1.5546065505271693,0.9999999391860454,-1.6355966707452243,0.692904043955934,-1.5546065505271691,1.9995137859025949,0.6929041047698905,1.5546065505271691,0.5001215526676842,0.0
0.00026261238404637853,0.7650038892036066,0.1976757319905237,-0.00017165262887980636,-2.2538553158660214e-8,1.5298041890528418,0.9999999774614471,-2.5798243219243,1.696707816304086,-1.5298041890528418,5.4559557834616905,1.6967078388426393,1.5298041890528418,0.18328593873372043,0.0
-0.0001897957834774597,0.7645477062603044,0.3492713711825226,0.00012411236180712179,-1.1778335344758237e-8,1.5293555058893433,0.9999999882216647,-1.4594434637146674,0.5430072213877142,-1.5293555058893433,1.721175041757541,0.5430072331660495,1.5293555058893433,0.5809984248903215,0.0
0.002018429446015747,0.7656273141165082,0.21826662841687444,-0.0013188978682387496,-1.3308007718389147e-6,1.5295273998874563,0.9999986692001137,-2.3371888855394074,1.390922488253786,-1.5295273998874563,4.018555413821954,1.3909238190545579,1.5295273998874563,0.24884531037212657,0.0
-2.0512434531331173e-7,0.7815024964622727,0.2759605605802778,1.3123715661642967e-7,-1.3459968228126474e-14,1.5630052102222212,0.9999999999999866,-1.8879571031053188,0.9285247413270896,-1.5630052102222216,2.5307728776541025,0.928524741327103,1.5630052102222214,0.3951362087169733,0.0
0.00031848195713229135,0.7670459642393309,0.2702722132419369,-0.00020762569977241923,-3.30613100825757e-8,1.5337552357342414,0.9999999669386904,-1.8918254842736946,0.9146850970320055,-1.5337552357342414,2.4959891337496143,0.9146851300933156,1.5337552357342414,0.40064275657980714,0.0
0.0011125940238150501,0.7033755737904693,0.1706091254220645,-0.0007911238364176122,-4.400575880218563e-7,1.4059413099059481,0.9999995599425088,-2.7476963795934677,1.7680852204797142,-1.4059413099059481,5.859622727125177,1.768085660537302,1.4059413099059481,0.17065937629624908,0.0
0.0006235087220850546,0.7585929257022624,0.1850502730168721,-0.000411025788243075,-1.2813265707725967e-7,1.5167294887985368,0.9999998718673512,-2.7325145132555795,1.8869098084190088,-1.5167294887985372,6.59894513625903,1.886909936551666,1.516729488798537,0.15153935230839866,0.0
-3.249421239078701e-5,0.767920918301863,0.2706847774845818,2.1157028103199734e-5,-3.4374176410604745e-10,1.5358761979163922,0.9999999996562582,-1.8913254395419918,0.9156873277996112,-1.535876197916392,2.49849194484271,0.915687328143353,1.535876197916392,0.400241434326182,0.0
0.001967438217522555,0.766744739931939,0.1870496202825365,-0.0012835841299343974,-1.2624884483587953e-6,1.5320489163192486,0.9999987375123486,-2.7314841123910174,1.9033128785708184,-1.5320489163192483,6.708080728648682,1.9033141410592669,1.5320489163192483,0.1490737482096156,0.0
0.0013162675790089815,0.7709617600109488,0.2715881356014086,-0.0008540383722203474,-5.61986921474775e-7,1.5405318398864374,0.9999994380132364,-1.8916237222479684,0.9179022261805789,-1.5405318398864374,2.50403198365285,0.9179027881675004,1.5405318398864374,0.39935569694858686,0.0
0.00013519012288983035,0.7580100695208373,0.2443655622810932,-8.917820386711092e-5,-6.027919516428071e-9,1.5158893865500873,0.9999999939720805,-2.067878344019797,1.0802611820159775,-1.5158893865500873,2.9454487488530208,1.080261188043897,1.5158893865500873,0.33950683893633793,0.0
